filename,method,page,rows,cols,accuracy,content_quality,financial_score
tesla_camelot_stream_p1_t1.csv,camelot_stream,1,13,2,95.42,0.846,0
tesla_camelot_stream_p1_t2.csv,camelot_stream,1,8,3,97.53,0.75,0
tesla_pdfplumber_p1_t1.csv,pdfplumber,1,1,3,,1.0,0
tesla_camelot_stream_p2_t3.csv,camelot_stream,2,21,4,97.31,0.869,10
tesla_camelot_stream_p3_t4.csv,camelot_stream,3,16,1,100.0,1.0,8
tesla_camelot_stream_p4_t5.csv,camelot_stream,4,33,7,99.79,0.654,31
tesla_pdfplumber_p4_t1.csv,pdfplumber,4,41,6,,0.717,46
tesla_camelot_stream_p5_t6.csv,camelot_stream,5,39,13,99.73,0.613,44
tesla_pdfplumber_p5_t1.csv,pdfplumber,5,37,12,,0.644,44
tesla_camelot_stream_p6_t7.csv,camelot_stream,6,11,13,97.25,0.622,24
tesla_pdfplumber_p6_t1.csv,pdfplumber,6,8,12,,0.698,24
tesla_camelot_stream_p7_t8.csv,camelot_stream,7,30,17,98.51,0.524,50
tesla_pdfplumber_p7_t1.csv,pdfplumber,7,7,27,,0.513,34
tesla_pdfplumber_p7_t2.csv,pdfplumber,7,8,27,,0.481,34
tesla_camelot_stream_p8_t9.csv,camelot_stream,8,34,18,97.99,0.471,50
tesla_pdfplumber_p8_t1.csv,pdfplumber,8,7,27,,0.513,37
tesla_pdfplumber_p8_t2.csv,pdfplumber,8,9,27,,0.469,37
tesla_camelot_stream_p9_t10.csv,camelot_stream,9,44,7,100.0,0.633,41
tesla_pdfplumber_p9_t1.csv,pdfplumber,9,43,6,,0.723,44
tesla_camelot_stream_p10_t11.csv,camelot_stream,10,10,13,97.49,0.719,20
tesla_pdfplumber_p10_t1.csv,pdfplumber,10,8,12,,0.75,20
tesla_camelot_stream_p11_t12.csv,camelot_stream,11,26,1,100.0,1.0,32
tesla_camelot_stream_p11_t13.csv,camelot_stream,11,10,6,96.65,0.85,29
tesla_pdfplumber_p11_t1.csv,pdfplumber,11,9,6,,0.806,27
tesla_camelot_stream_p12_t14.csv,camelot_stream,12,41,13,62.0,0.732,51
tesla_pdfplumber_p12_t1.csv,pdfplumber,12,3,12,,0.806,19
tesla_camelot_stream_p13_t15.csv,camelot_stream,13,10,9,95.24,0.644,2
tesla_pdfplumber_p13_t1.csv,pdfplumber,13,6,8,,0.708,5
tesla_pdfplumber_p13_t2.csv,pdfplumber,13,1,8,,0.875,0
tesla_pdfplumber_p13_t3.csv,pdfplumber,13,4,12,,0.812,23
tesla_camelot_stream_p14_t16.csv,camelot_stream,14,8,13,96.26,0.702,18
tesla_pdfplumber_p14_t1.csv,pdfplumber,14,5,12,,0.8,18
tesla_camelot_stream_p15_t17.csv,camelot_stream,15,30,9,95.33,0.693,58
tesla_pdfplumber_p15_t1.csv,pdfplumber,15,5,9,,0.711,25
tesla_pdfplumber_p15_t2.csv,pdfplumber,15,6,9,,0.917,28
tesla_pdfplumber_p15_t3.csv,pdfplumber,15,6,9,,0.917,25
tesla_camelot_stream_p16_t18.csv,camelot_stream,16,10,17,96.61,0.653,31
tesla_camelot_stream_p16_t19.csv,camelot_stream,16,10,13,94.39,0.746,26
tesla_pdfplumber_p16_t1.csv,pdfplumber,16,7,24,,0.5,31
tesla_pdfplumber_p16_t2.csv,pdfplumber,16,7,18,,0.579,24
tesla_camelot_stream_p17_t20.csv,camelot_stream,17,11,13,95.15,0.699,26
tesla_camelot_stream_p17_t21.csv,camelot_stream,17,7,7,97.69,0.781,10
tesla_pdfplumber_p17_t1.csv,pdfplumber,17,7,18,,0.595,24
tesla_pdfplumber_p17_t2.csv,pdfplumber,17,5,6,,0.883,10
tesla_camelot_stream_p18_t22.csv,camelot_stream,18,12,5,99.34,0.9,10
tesla_pdfplumber_p18_t1.csv,pdfplumber,18,10,6,,0.817,10
tesla_pdfplumber_p18_t2.csv,pdfplumber,18,9,6,,0.824,19
tesla_camelot_stream_p19_t23.csv,camelot_stream,19,14,13,99.19,0.621,29
tesla_pdfplumber_p19_t1.csv,pdfplumber,19,4,6,,0.917,14
tesla_pdfplumber_p19_t2.csv,pdfplumber,19,13,16,,0.5,29
tesla_pdfplumber_p19_t3.csv,pdfplumber,19,13,16,,0.5,29
tesla_camelot_stream_p20_t24.csv,camelot_stream,20,20,1,100.0,1.0,22
tesla_camelot_stream_p20_t25.csv,camelot_stream,20,7,13,96.16,0.723,20
tesla_pdfplumber_p20_t1.csv,pdfplumber,20,5,12,,0.767,20
tesla_camelot_stream_p21_t26.csv,camelot_stream,21,41,1,100.0,1.0,28
tesla_camelot_stream_p22_t27.csv,camelot_stream,22,29,1,100.0,1.0,5
tesla_camelot_stream_p23_t28.csv,camelot_stream,23,42,1,100.0,1.0,6
tesla_camelot_stream_p24_t29.csv,camelot_stream,24,20,7,100.0,0.65,30
tesla_pdfplumber_p24_t1.csv,pdfplumber,24,19,6,,0.75,30
tesla_camelot_stream_p25_t30.csv,camelot_stream,25,10,13,97.81,0.777,38
tesla_pdfplumber_p25_t1.csv,pdfplumber,25,8,12,,0.833,38
tesla_pdfplumber_p25_t2.csv,pdfplumber,25,4,12,,0.833,15
tesla_pdfplumber_p25_t3.csv,pdfplumber,25,4,6,,0.917,9
tesla_pdfplumber_p25_t4.csv,pdfplumber,25,3,6,,0.972,9
tesla_camelot_stream_p26_t31.csv,camelot_stream,26,32,1,100.0,1.0,41
tesla_camelot_stream_p27_t32.csv,camelot_stream,27,12,3,97.34,0.944,0
tesla_pdfplumber_p27_t1.csv,pdfplumber,27,1,5,,0.6,0
tesla_pdfplumber_p27_t2.csv,pdfplumber,27,1,5,,0.6,0
tesla_pdfplumber_p27_t3.csv,pdfplumber,27,1,5,,0.6,0
tesla_camelot_stream_p28_t33.csv,camelot_stream,28,38,1,100.0,1.0,19
tesla_camelot_stream_p29_t34.csv,camelot_stream,29,14,17,98.24,0.712,47
tesla_pdfplumber_p29_t1.csv,pdfplumber,29,8,24,,0.771,46
tesla_camelot_stream_p30_t35.csv,camelot_stream,30,21,17,99.77,0.665,91
tesla_pdfplumber_p30_t1.csv,pdfplumber,30,20,28,,0.446,82
tesla_camelot_stream_p31_t36.csv,camelot_stream,31,24,1,100.0,1.0,33
tesla_pdfplumber_p31_t1.csv,pdfplumber,31,2,28,,0.679,29
tesla_camelot_stream_p32_t37.csv,camelot_stream,32,41,22,79.7,0.672,91
tesla_pdfplumber_p32_t1.csv,pdfplumber,32,1,17,,1.0,18
tesla_pdfplumber_p32_t2.csv,pdfplumber,32,1,17,,1.0,21
tesla_pdfplumber_p32_t3.csv,pdfplumber,32,1,16,,1.0,23
tesla_pdfplumber_p32_t4.csv,pdfplumber,32,1,18,,1.0,21
tesla_camelot_stream_p33_t38.csv,camelot_stream,33,15,1,100.0,1.0,6
tesla_camelot_stream_p34_t39.csv,camelot_stream,34,24,7,75.06,0.863,51
tesla_pdfplumber_p34_t1.csv,pdfplumber,34,3,6,,1.0,16
tesla_camelot_stream_p35_t40.csv,camelot_stream,35,31,1,100.0,1.0,35
tesla_camelot_stream_p36_t41.csv,camelot_stream,36,11,1,100.0,1.0,0
tesla_camelot_stream_p37_t42.csv,camelot_stream,37,18,7,98.97,0.476,1
tesla_camelot_stream_p38_t43.csv,camelot_stream,38,11,2,94.69,0.977,2
tesla_camelot_stream_p38_t44.csv,camelot_stream,38,14,2,91.35,0.786,0
tesla_camelot_stream_p39_t45.csv,camelot_stream,39,10,2,100.0,0.95,2
tesla_camelot_stream_p39_t46.csv,camelot_stream,39,14,2,91.35,0.786,0
