Column_1,Column_2,Column_3,Column_4,Column_5,Column_6,Column_7,Column_8,Column_9,Column_10,Column_11,Column_12,Column_13,Column_14,Column_15,Column_16,Column_17,Column_18,Column_19,Column_20,Column_21,Column_22,Column_23,Column_24,Column_25,Column_26,Column_27
"Balance as of December 31,
2024",$,63,,,"3,216",,$,3,,$,"38,371",,$,(670),,$,"35,209",,$,"72,913",,$,704,,$,"73,617"
"Issuance of common stock for
equity incentive awards",,,,,8,,,,,528,,,,,,,,,528,,,,,,528,
Stock-based compensation,,,,,,,,,,"1,354",,,,,,,,,"1,354",,,,,,"1,354",
"Distributions to noncontrolling
interests",(4),,,,,,,,,,,,,,,,,,,,,(34),,,(34),
"Shareholder settlement, net",,,,,,,,,,110,,,,,,,,,110,,,,,,110,
Net income,2,,,,,,,,,,,,,,,"1,581",,,"1,581",,,27,,,"1,608",
Other comprehensive income,,,,,,,,,,,,,828,,,,,,828,,,,,,828,
"Balance as of June 30, 2025",$,61,,,"3,224",,$,3,,$,"40,363",,$,158,,$,"36,790",,$,"77,314",,$,697,,$,"78,011"
